RecipeID,heur_s,heur+map_stime_s
0,0.96,1.19
1,0.69,0.80
2,0.89,1.19
3,0.74,0.90
4,0.94,1.03
5,0.81,0.89
6,0.77,0.89
7,0.83,0.94
8,1.77,1.38
9,1.17,1.68
10,0.73,0.82
TOTAL,10.300000,11.710000
